﻿Designator,Footprint,Quantity,Value,LCSC Part #
"C1, C10, C2, C4, C8, C9",1206,6,1u,
"C11, C12, C13, C14, C15, C6, C7",1206,7,100n,
C16,CAP-TH_BD10.0-P5.00-D0.6-FD,1,CD288H1HM471G200T,C42460494
C17,1206,1,100nF,
C18,CAP-TH_BD5.0-P2.00-D0.5-FD-A,1,EWH1AM221D11OT,C2988873
"C3, C5",1206,2,10u,
D1,SMA_L4.3-W2.6-LS5.2-RD,1,SS34_C8678,C8678
"D2, D4, D5",SOD-123_L2.8-W1.8-LS3.7-RD,3,SD103AW_C181204,C181204
D3,DBS_L8.4-W6.4-P5.10-LS10.2-BL,1,DB107S_C525738,C525738
"D6, D7, D8, D9",1206,4,LED,
J5,SolderWire-0.5sqmm_1x04_P4.6mm_D0.9mm_OD2.1mm,1,Conn_01x04_Socket,
J6,PinHeader_1x05_P2.54mm_Vertical,1,Conn_01x05_Pin,
J7,SolderWire-0.5sqmm_1x02_P4.6mm_D0.9mm_OD2.1mm,1,Conn_01x02_Socket,
J8,IDC-Header_2x05_P2.54mm_Vertical,1,Conn_02x05_Counter_Clockwise,
J9,IDC-Header_2x03_P2.54mm_Vertical,1,Conn_02x03_Counter_Clockwise,
L1,IND-SMD_L12.5-W12.5,1,CYH125-68UH,C7431083
"Q3, Q4",TO-220-3_Horizontal_TabDown,2,BT136-500,
"Q5, Q6",SOT-23-3_L2.9-W1.3-P0.95-LS2.4-BR,2,S9013_C402281,C402281
"Q7, Q8, Q9",SOT-23_L2.9-W1.3-P1.90-LS2.4-BR,3,AO3400_C2938367,C2938367
"R1, R11, R2, R23, R28, R35, R36, R38, R40, R41, R8, R9",1206,12,10k,
"R10, R15, R18, R19",1206,4,680k,
"R12, R14, R16, R17",1206,4,20k,
R13,R_Axial_DIN0414_L11.9mm_D4.5mm_P15.24mm_Horizontal,1,33k (2W),
"R20, R21, R22, R26, R27, R7",1206,6,680,
"R24, R25",1206,2,0,
"R29, R30, R32, R33",RES-ADJ-TH_3296W,4,3296W-1-103LF,C34846
"R3, R31, R34, R37, R39, R4",1206,6,1K,
"R5, R6",1206,2,360,
"SW1, SW2",SW-SMD_L6.0-W3.5-LS8.0,2,TSB008A2526A,C2888456
"T1, T2",DIP-6_L8.5-W6.4-P2.54-LS7.6-BL,2,MOC3020M,C86911
TH1,R_Axial_DIN0207_L6.3mm_D2.5mm_P2.54mm_Vertical,1,Thermistor_NTC,
TP1,TestPoint_THTPad_2.0x2.0mm_Drill1.0mm,1,Vref_TP,
TP10,TestPoint_THTPad_2.0x2.0mm_Drill1.0mm,1,GND_TP,
"TP3, TP4",TestPoint_THTPad_2.0x2.0mm_Drill1.0mm,2,TC1_TP,
"TP7, TP8",TestPoint_THTPad_2.0x2.0mm_Drill1.0mm,2,VrefAtt2_TP,
TP9,TestPoint_THTPad_2.0x2.0mm_Drill1.0mm,1,ZCS_TP,
U1,SOP-4_L6.5-W4.6-P2.54-LS10.3-TL,1,EL817S1C(F),C2912100
"U10, U11, U12, U13, U14, U15, U9",CONN-TH_DB301V-3.5-2P-GN,7,DB301V-3.5-2P-GN,C695629
U2,WIFIM-SMD_39P-L25.5-W18.0-P1.27-BL,1,ESP32-WROOM-32D,C473012
U3,SOT-23-3_L2.9-W1.3-P1.90-LS2.4-BR,1,TL431BIDBZR,C41283
U4,SOIC-8_L4.9-W3.9-P1.27-LS6.0-BL,1,TL431ACDR,C67475
U5,SOIC-8_L5.0-W4.0-P1.27-LS6.0-BL,1,XL1509-5.0E1,C61063
"U6, U8",SOT-23-5_L2.9-W1.6-P0.95-LS2.8-BL,2,RS321BXF,C237022
U7,SOT-223-3_TabPin2,1,AMS1117-3.3,
